X0,X1,X2,X3,X4,X5,X6,X7,X8,X9,X10,X11,X12,X13,X14,X15,X16,X17,X18,X19,Y
0.6762189256368345,3.7581579865377486,3.0175028220735594,1.2023878855605732,-2.8674964359260304,1.1330420024119732,0.4886919527092181,2.1885651668051587,0.4372634042486758,0.8577490582121275,4.220431815303724,-0.2657695864939831,3.0286282415974957,-1.8193079286647236,0.5280683677462349,1.4334224198251682,0.11663657639819702,1.1769051908297903,1.271694826699025,3.006519586844373,0
-0.42396195015371313,2.944288507218132,2.9484148168028654,-0.586099327187909,-2.9417699173258263,-0.00435799313456191,1.257059956689093,0.15765304271477515,-1.9603430964320325,0.83393078842773,0.11335129403585113,-0.6627137718629301,4.085280565635236,-1.5184489439647402,0.7635911006198558,-2.0296738677395822,-0.4731398725530269,-0.36628693837847703,1.8510415283370056,0.3378363075976525,0
0.8733729382401837,1.1599023693828783,1.588932716774467,-1.439910342307737,-2.3280542034383602,-0.07372513739840196,0.08733105791540921,1.9487245927433725,0.7638251315286945,2.5146107930248283,1.6967828230805015,-1.7628324838426952,2.5581736716490506,0.7024065691510653,0.24707737780630315,-1.026640734735731,0.009029535896725838,-0.8144316707026121,1.1398022325671562,1.9470363558110408,1
-0.33859867579972375,-1.8213813535200434,-0.7140714212498819,2.763122347143342,0.6088015516849351,4.712247105410735,2.060558616616052,0.07510106941722293,1.2413916187606449,-5.366676992865516,-1.2356463250999519,-0.9941062330421927,-6.23819294860117,-1.1930599549102363,-1.960158008293832,-0.030938997155624107,3.2288662252595453,4.13723818490228,1.4373345104300863,-2.850983003085294,0
0.6468144087410455,-1.1957891077647578,2.3405125425907958,-1.6989467574117212,-4.55402554825843,-1.715879352761389,-1.290364484542836,-0.37512027291090894,-3.0760041966768865,-1.4614670904604097,-3.3079318469475134,0.007964282647330446,1.4186694813544847,-0.6489138812724988,2.1874888293742063,1.0037095238106777,1.9964514865569318,1.4524092262124753,-0.825416103974564,-0.011551044907051278,1
-0.9544246514711157,-0.07540474902880874,-1.1276450085917675,2.826973557225162,2.330871504843895,2.7020733835730444,1.9465428375147655,-0.921388671855812,0.5668628418173545,-3.3636455709145237,-0.054134301782960914,-1.172603256861316,-3.6420267030557993,-0.2604985619387227,0.6949979007768748,-1.2334681012801056,0.6562117316805984,2.014177148336013,0.5423493797555814,-2.0604784033640904,1
0.2869407311380416,2.0212317341444694,4.628804009615142,-1.458019141575639,-6.303931119225385,0.8569134302504463,-0.49093744987136534,1.1006367865539277,-2.549953600258532,-0.41986555936168923,-1.3474996082936752,-0.8881478957273766,3.7521896521116895,0.5119240910292749,1.5213984978319222,-0.3068811486873728,1.8219012642855072,1.3374701998446186,2.6796812039538866,0.19308762862080253,0
-0.5790698168642068,-0.24596548154163927,-0.6469354524337585,3.1314281393629075,1.4152108434128887,1.8817091446360459,1.1658060192083854,-1.013503467971879,-0.15017543897859076,-4.119860606762452,-0.046398188980949946,-0.33689782558349113,-3.5205786735860602,-0.20445497968522458,1.4919196463452724,0.4146985287308868,1.1462350504727472,2.929236942499786,-0.6192951320185078,-1.297816498689321,0
0.20981041185327157,-2.834838176405089,-5.491422615763037,0.13633615329744264,6.880308071602136,0.3095018080283915,0.7344490334876547,0.4888452349435918,5.026974252473422,2.5491960524272166,2.1538864256527925,1.213731437725842,-4.433621414959336,-1.038801828002556,0.8885988803308748,-0.14004285194223806,-1.7773670029538535,-2.6512353582142887,-1.2113599655903022,-0.05409562034370152,1
-2.0886181241940824,-0.16862420681112292,-1.0433659423545036,1.0591677994960362,2.3865480476239873,2.619054756494729,-1.1338155950868831,-2.2254741911255658,-0.8892278610871629,-2.6402021991459095,-3.1651975174127407,-1.7438481166328978,-2.366184129720303,-0.2180358781982199,-1.5253190902334557,0.1190184060539747,-0.11697907336908586,0.11882285108125216,2.312415324189703,-4.627295973690831,1
0.16934326608196396,3.0501471616316076,2.4497926863253343,3.274803897768871,-1.9398245219269759,2.6389534946174926,0.8313492670632543,1.2246251831888566,0.10488578069317711,-2.5725066861239023,3.32467680480882,-0.6528967724115621,0.0023980033525566272,-0.18147832957919605,-1.8579920416244045,-1.3777007731168525,1.2756665371333133,3.4492601217963923,0.9382012872039249,1.4640776966771614,0
0.9069225429012853,-3.699212656389944,-4.899533474262229,-1.7621252448437725,5.09311294303621,0.10402627768042337,-0.08264778503818894,1.5546304243283908,5.373376485123665,3.86654234604567,1.4761782851877188,0.1523155135766242,-3.7281404204319535,-0.8290169196583627,1.8115048125935167,0.3794820571655074,-1.0709601982545063,-3.2189398490767216,-0.5431586604614347,0.3375721755112634,1
0.6774581298336215,0.16002190368145044,-0.08699645345019202,-1.069532925055865,-0.15977013460231557,-0.24630755267245305,2.0100092893000014,1.3957238423143254,1.5006089549013528,2.404758680240205,1.5908251669044478,-1.2663405056257042,0.9827977479631685,1.7698624206769662,-0.44838021905388226,-0.05798394743223416,-0.45698214651510716,-1.2376503366950453,0.35355661338858413,1.434238628470565,1
0.34805533330454674,-0.10805998163940614,2.314811896637166,1.0845365931693658,-3.5754523480049936,0.6870951688164266,0.19228267439904112,-0.12626118813701476,-2.1395936237477127,-3.745695842429114,-1.4266309320852393,-0.13525432539369245,-0.6513458129108027,1.9570636405416413,2.333244404285301,1.0035665601832853,2.6104201113140553,3.577377844913922,-0.332492513966245,-0.1597848317419771,1
0.9568258646309117,-0.6448003186630209,2.8873934385629743,-0.7049098375417915,-5.121675237804671,-1.5034600988483928,1.5728146409171813,0.0039293822822542394,-3.0375739987918986,-2.242485828342575,-2.1616181887513757,-2.038961277005416,1.2768077513073115,0.25045240772777744,-1.1802929395898938,0.18330021210499314,2.441503081268385,2.620830655726229,-1.3178774741722148,0.9109736585366646,1
1.608378096921306,-1.83355182725978,0.2894981421736222,0.9815181037168638,-1.839634424814922,4.188851050382663,0.06368839365161598,3.21104862301831,3.450944308445298,-2.1347783180833995,1.6472306156511918,1.397414703060372,-4.5732315894282545,0.471961333246609,-0.5789632551941708,-0.07514416681001679,3.8136474161338487,3.5542900689473194,1.502029218982778,0.6508532178456923,0
0.14601969749548652,-0.2523215221517922,0.12396742719429331,0.5172773136841856,-0.3170166590038752,2.4056611847657274,-1.1567442250519486,1.0246946140027007,1.3331689967617961,-0.9158716875059818,0.3822915403248397,1.1261170260153806,-1.7752618728621932,-1.5327958522623455,-0.01993539524581029,-0.4542442751532624,1.2451355503804387,1.1288533685301538,1.5453129054473949,-0.5852815627741466,0
-1.4347586908328243,-0.5577259406419155,-3.0148072989306556,3.3582031952355202,5.19523040465647,2.6209560166769488,-0.23769512468964085,-1.635261272545801,1.449157959008176,-3.056129601731488,0.20716351021910795,-0.7234628088702879,-4.903736879429715,0.19223476419523094,1.5475700950289262,0.1207568061894677,-0.4184756022460401,1.071384350944105,0.023391256169383645,-2.7029208818670414,1
-0.5029240683248286,3.07201818983712,0.8993502186470385,1.5115207175661105,0.4833051939752797,1.269247004811005,1.2246270872263318,0.5147157523060847,0.5420467754704443,0.6580295985162613,2.859680540290853,0.2811795622694529,1.59142069331674,-0.5833579722273482,0.6416874371546496,-0.9256208497743664,-1.1653744201574758,-0.15068765098795903,1.345466978843672,0.793812843212043,1
0.5629626959418123,-0.46239929153943743,-1.4011182505524715,-0.3969578258934101,1.643594960309209,0.482503208200535,-0.42675711688235407,1.374318141617455,2.692934850399377,2.1176613863914855,2.0587301238503333,0.3479061163248855,-0.7902979545987595,-0.5418349876686417,-0.31526484424154627,-0.808419824523387,-0.5651138791217953,-1.2197139071327214,0.2385179943406146,1.01995776249538,1
-0.41308316200393796,-1.1006768415607462,-1.417000883044794,0.5122806275118703,1.8234109339471063,-0.22899967011757533,0.016890716242483676,-1.0789040984051939,-0.07104185403018792,-0.9622173648931529,-0.9875309184395118,0.4079250175142854,-1.6727480122856135,-1.4414820616097774,-2.8325195707762085,-0.12497578635826605,-0.19937592838177243,0.015462078544702981,-0.8715972065024129,-1.0654527443303783,1
-0.22596057902044073,0.6684962888327342,-1.175616035039133,1.1778451794424742,2.3248158945038155,-0.6872990901268636,-0.15922387809671018,-0.4484477711245537,0.6199493364107127,0.4981197826642763,1.7540935740198362,-0.6033235652217123,-0.11792480262667927,-0.969199610313766,-0.13426810335751052,-1.5868117155950892,-1.3874733847164968,-0.5782296655193958,-1.2046190535557026,0.7596885056946725,0
-1.1444245818326364,-0.5674671825883927,-2.0096943378353322,2.126941274964087,3.4309744027146047,0.24793413049899074,0.10884563020912037,-2.134540113621255,-0.4217551693126693,-2.3996761671952362,-0.8624226130040163,-0.015193128769989376,-2.636799842595085,-1.1186314281988077,-0.7964401810595795,0.863100226170631,-0.6455687928560441,0.5886414979767715,-1.1918646633370984,-1.8870635914569347,0
1.3361370896180933,-3.13353364026273,-0.6643041295786802,-0.5241490009033103,-1.0842514605839302,2.217494481279089,0.46397228292345905,1.9962199957958298,2.4553679684149268,-1.2444480013228845,-0.4890669054713139,0.2513056408063804,-4.047808640187941,-0.43858720625729564,-0.3848418819471256,-0.0015505058359027444,2.9996530204272958,1.9400277322919572,0.5436154323561073,-0.16158697492044893,0
-0.320670928662617,-0.2819147924091845,1.3698884594011809,0.32588289542237214,-2.0607627869864253,0.5014205314409248,0.06837062931026103,-0.8556345023925659,-2.095872279160357,-2.6995038460563805,-2.3787540389465534,0.5222436812480098,-0.39873525783717845,-1.0553870170924875,0.19150693879273067,-0.8164039861010418,1.5131251991899806,1.887877980410137,0.2876352983801169,-1.3773898134480222,1
0.46337071235756677,-1.0932634915862962,0.40799065489126896,0.3314922826873786,-1.2873386946474341,-0.16406960962557748,0.3905228975650011,-0.0723595335205682,-0.6902180330849388,-1.8313510097180155,-0.9129795658832002,-0.1246177961901297,-1.155292936598353,0.2552733874135629,-0.01347182166515796,-1.1725916088527426,1.451702834030948,1.7391359383325757,-0.9937088109708244,0.0891062422099742,0
-0.5631070314391169,0.1605109633497091,-1.411674190332516,0.8899202267539098,2.528912731832216,-0.5922774705413864,1.2078093084610022,-1.0172181229478896,0.16795463647206055,0.0732619125787439,0.478109830619613,0.9893694382821313,-0.5059280992183172,-0.316650029261228,-1.1710418541758545,-0.5071078941326084,-1.2993705420881052,-0.7235267300237004,-0.944782441463407,-0.2814818459182781,0
-0.6232833832107314,-1.1663615988356175,-1.6983810132909058,1.051754060761316,2.35555207112132,-0.13831213780555482,0.8363237229955514,-1.5028954775307224,-0.24555002766534262,-1.6370481879310306,-1.1448205282416035,-1.6010192977017523,-2.2246281560553975,0.03126687724867452,-1.13145302065243,2.15574316320679,-0.21736902749459075,0.3345847096215489,-1.1474339990361684,-1.4048846772953236,0
0.44537748547155803,-0.6757904129811934,-0.09862447289688402,0.27552194826308063,-0.3225019939689705,1.9146923906514808,0.033458770992302565,1.2040993793451573,1.5484829416873032,-0.6014140052750026,0.5405667418534954,-0.5865640795627187,-1.8511422375903244,-0.6218183005063913,-0.7590404472086483,-0.19753522569696805,1.2830146276334986,1.0313005382175007,1.0012061622324544,-0.11409561001761237,0
-1.7657776594070977,1.0975105484722079,-0.9395459929772937,2.409271430375206,2.878571441810859,1.4533318682889265,-2.3026969895447165,-2.134554899751352,-0.8542065012579776,-2.4160893237578236,-0.6996311121238599,-0.04008851265655339,-1.486411669593384,-0.4449457601246716,-0.8629053387504985,1.1682177218168646,-0.9289285191456369,0.4936484187691469,0.5842449745816396,-2.5579026399517657,0
0.5588245579837134,-0.7981505865184393,1.1976196199864348,0.6300032589805111,-2.340348025104179,-1.06385890462641,-0.26971853155733616,-0.4985557472406138,-1.9572408963802133,-2.62374889099176,-1.200782501359351,0.2404712493302069,-0.43957868660648103,1.193956259988278,2.715946572312882,-2.4197452474117624,1.6891752844189911,2.489675688527767,-1.907760953744198,0.5627684511571198,1
0.3886872199259885,-2.6219269221188886,-1.4186332430853088,0.5374442801826873,0.7931448447560392,-1.6882828187498202,-0.7095722929532247,-1.2168662819560951,-0.7752639968027285,-2.1630830069794307,-1.6298535642066552,-0.17921047462538878,-2.515606461727867,-0.9980298371797204,-0.1613643730095305,0.08251269932318937,0.8932822176151081,1.3443604479237792,-3.0882061918123713,-0.14041440716078057,0
0.6103361822175937,-1.0635824842893997,-1.1529243587117588,0.483690794490909,1.0556464120410816,-0.11947219706600347,-0.08834265900909503,0.5374082600672717,1.3786707129064806,-0.03303769746047424,1.1033566974376587,-1.1208223655203873,-1.6525830034445264,0.9213496029864963,-0.4067230830465839,-1.5991364864470128,0.2780348043707549,0.40225067565190126,-1.194702342026488,0.8906893351519982,0
-0.5346448446390746,2.475221094713904,0.19826993393790354,4.175214666457965,1.5553378710334393,2.7355851592965568,-0.10553005200230739,0.17009832359830704,0.9846831441117754,-2.681105448040482,3.429603910320045,0.6111436546495426,-1.7801200719058061,-0.1843566507170958,0.10704238207871382,2.2908839240787624,0.1048494195881099,2.596968249110836,0.3426530147076142,0.41282584782519893,0
1.033503831486013,-3.759013393009993,-1.3153532973972266,0.9089758029090483,-0.13508507076768286,3.2997741542361365,-0.7932818938336734,1.4254265530091674,2.541381456573964,-3.4488209438039643,-0.9217195452123208,-2.8882712051927246,-6.3618407445991965,0.5401127116831267,0.28329941844015705,0.293269314133503,3.7354840279100165,3.3913555577447148,0.2656719678966507,-1.1652867112420546,0
0.7465372243938484,-3.1216448668111902,-1.1246927730359537,0.707845849935074,-0.026653033288317654,2.759342936243706,-1.5342986263844585,1.040850516556295,1.9963716270467677,-2.892635121376724,-0.9879332445656774,-0.6279284867539493,-5.261986176958478,0.9124352492591664,-0.7287316813744033,0.015686713795602138,3.0361332511246197,2.7178913996829364,0.32276573198931047,-1.1929871888396877,0
0.13464784696224424,1.5638589089341497,0.39672190666346974,-0.03465452654174128,0.10448372392712188,0.615687735656406,-0.9734467413994762,1.1394904914620432,1.2280871611835178,1.8474424743686784,2.2378993560011313,-0.735858449322835,1.360696221906905,-0.005397376361534414,0.8812847814327686,0.08334707099324289,-0.8158466854071535,-0.9070249903450271,1.0954268432830203,1.1089351057138201,1
-0.5210211175680329,-2.6422464635775764,-3.786603322201972,0.5457720134378978,4.7098747674550685,-0.49696464072799773,-0.8546729449714168,-1.5060205864984524,1.3057095917122359,-0.486635204923186,-1.0376749194790216,0.02313872309816787,-3.675709609714203,0.33503712526246754,1.2031126464308044,-1.652918697838884,-0.874521026532123,-0.957065999242346,-1.7518300518870227,-1.602851650535463,1
-0.3989949481872448,-3.847315735905185,-1.549371673894763,-1.127900027761637,0.4955156042783815,0.8989014818037581,-0.7337879737853639,-1.2495279510933766,-0.45837049012293307,-2.397911988382671,-4.847351716979308,-0.6493313119203942,-3.8156251558649315,0.03606339146962743,-0.46710340679077605,0.08312246565668001,1.842054432021277,0.6313820385155714,0.34611324263687737,-3.5677743875325176,0
0.28514340263887195,2.5431970698473325,3.1666902616664334,-0.3253468830822749,-3.7070624004621773,0.8213556734122462,1.076146312640013,1.324378621262015,-0.8856024479093425,0.5295091878906946,1.1070856744488486,0.10354413863939305,3.1184936369899603,-0.3991118522027499,-0.018558005766067587,-2.1622192209177933,0.5695760218222631,0.6638648835163529,1.9094462753872794,1.1801445278097646,0
-1.158032172017717,1.7132084873810765,-2.3102789513970396,2.2683130786238603,5.014256407866506,1.5972868035865697,0.8375627033583725,-0.4336823291084245,2.296058335903435,0.833597727786815,2.955594391187401,0.9130002202742996,-1.2199868857218692,-0.8136453560596746,0.2658984798138483,0.3041261706698093,-2.397959392879362,-1.3741980383681667,0.7094949393049557,-0.5299984881703164,1
0.04756094639848103,0.7777975334201703,2.3868220492671393,-0.9500206680566747,-3.364545481561135,0.6396469298748158,-2.0678547264359923,0.44275468976117266,-1.4591228600097734,-0.4307397904229335,-1.2987712627299652,-0.4395887110317737,1.7211829197094706,0.4520333445857688,-0.22019462700795758,-2.207750916382569,1.1320271444156442,0.7093649139770264,1.6544990440466116,-0.38068644324252643,0
0.5192759107923374,-1.731728809830287,-1.8526061630156978,1.1999746677752416,1.9020407512143602,0.35425142788758646,-0.6886667549629432,0.24361624208159116,1.6733927365232664,-1.117318683129468,0.8865510132198203,-1.2824986211215224,-3.2240024155354754,-0.06265695620244455,0.41719046438256424,-0.966517025934993,0.6468303788941185,1.0756622223675902,-1.5667103022683975,0.38296560183764017,1
-0.047893851227500894,-4.543696497363917,-0.9224513829142494,-4.983569660988434,-1.3407569470741738,-1.71049174424215,-2.276991207533051,-1.1296840550467948,-1.5281493420055834,1.1201000881243268,-6.910503765747322,-0.9663123857651326,-0.3500752149310493,0.14082842652774988,-1.7048785541323237,0.15013611637138463,0.9679450529689525,-2.3782619116900254,0.6427514164501678,-3.2888458746245752,0
0.43257130304547187,-2.9883114551855603,-2.348861392656584,1.0227784546700367,2.06153996501914,-1.5329431724025064,0.4213798110980826,-1.171332547756639,0.07978166635528972,-2.1461507367144677,-0.9774956865701416,0.8566171046256775,-3.5324834893662334,-0.5938401622466388,0.715658244757891,0.5150426732761878,0.6822077935680704,1.2915728953753198,-3.5204409404400754,-0.020048907143204286,1
-0.09454762558343895,0.5947895978844621,1.4556936073993068,0.13537633232733404,-1.8700006235386304,0.8137362766708525,2.7308672332235675,0.09480814722829098,-0.9680251767666539,-1.1258697629654288,-0.6839768267732869,1.0844795830730707,0.4600823746402493,0.37735070276322974,0.4801461362223696,-0.5775300935075538,0.919523277446969,1.0935262846463654,0.9300652558606756,-0.4248733982227988,0
-0.37817427211371346,-2.838581690382747,-1.4183147517390735,-0.9950832266789086,0.7968056675346874,0.4829323755228428,-1.1834061882665312,-1.0140135218821307,-0.2147087842277665,-1.3479501370225098,-3.544988582265759,-0.15060591943684326,-2.675873307784362,-1.6288901835745146,1.110302361982764,-0.7137538562706509,1.0076560358376072,-0.0008966828031468899,0.24960600795663657,-2.6824773494543472,0
0.11197062192360364,-1.6719158126055762,-0.9848098086993985,0.9259872741240327,0.7309047373339148,2.1342788495361336,0.06395678691093298,0.32754695918835425,1.3031823374698894,-2.1052763987256715,-0.5562241516819548,-0.6504130347099937,-3.6102585143746544,-0.37171290329290085,-2.525718633602488,0.5296931329054426,1.6209369704908219,1.669005951435684,0.4395763085636526,-1.222827597552983,0
0.16274640053708175,0.4872932872401873,1.6394679096023659,0.21007696375402185,-2.3015404271391993,4.399974286432532,-0.3067803928713705,2.0384961784644107,1.4998874510320548,-1.2139652135969041,0.22916472567404847,-0.9149590677826966,-1.4296649091249365,1.3140094746438993,1.5834650253840938,0.0812768427670279,2.321769135502122,1.8266156552187924,3.849384433666153,-1.1105101649069666,0
0.38196793374840704,0.5955341689527903,1.4108064971641372,-0.027933319490379693,-2.0071910647691915,3.5849584205672764,2.4648776358576834,2.191245069059625,1.7378175163508887,-0.2810987648018088,0.9151221899691447,0.17049723504043077,-0.8207213258531176,-0.3001402843924914,0.19757892205140784,-0.22514652735002125,1.7817208701388942,1.228068726891315,3.2521731930672906,-0.3089864982719258,0
-1.158642917030744,1.8079487205589082,-0.2727642021815063,1.3538908762523743,1.8749275602526059,0.3691622181452593,0.16047620699884568,-1.1747833352272326,-0.5372557435118799,-0.24871544077990948,0.5917870363125268,0.5510373022425374,0.6344284817196582,-0.9372280488338227,0.22228271745828398,1.8466265008304728,-1.5174819190222446,-0.5664496309086209,0.46400843627911337,-0.8380899036716131,0
-1.243879670125812,0.27611698737249074,0.07389048114332841,0.38202526466378484,0.520508857759291,2.332921270328277,1.4550212227631638,-0.8852820572247868,-0.49769280251152004,-1.5356835165357166,-1.965817520030139,0.6086074423567405,-1.067338036292359,0.003084126825026962,-0.219443811644863,-0.4632689556608324,0.31190107226671726,0.2317690395216579,2.4106279018865977,-2.956216560178823,1
-0.07552900273610616,2.4248484865961384,2.6182648634390313,0.10213275484299689,-2.7516161545220768,0.8434713592953242,-0.18753412005487335,0.7120530320789339,-1.0328846144400545,0.06009866007974224,0.7782982293682493,1.1005976067613101,2.5680650348863754,-0.9425653914430656,-0.06344606394414584,0.2529368142650801,0.2843272904449965,0.6207632494607245,1.6973873785287923,0.589128947509364,0
-0.1025269640378582,-1.8070329097252662,1.091484547222268,-2.9671356408430682,-2.823342955962009,-0.2357401976995023,0.596442339560671,-0.42038967165009883,-1.8316683800169167,-0.07220093253884545,-4.540068528425226,1.792922591330873,0.7080732625501133,0.2709745388461927,-0.8053718270503438,0.22395527808973467,1.33473930440889,-0.5440589475101647,1.5000516809251432,-2.1837913757357725,0
0.005696425518331485,-1.1627788544766549,0.35314494731383134,0.9918834966371771,-0.9947074973206383,-0.1251811813637446,0.8433726221570585,-1.0072196175915018,-1.6077316404184723,-3.1991317131940464,-1.8508326044028751,0.189092493839052,-1.7027191512528699,0.5594490759950371,0.7821826079557601,-1.1053533175527916,1.5773814274966034,2.3561119801735075,-1.286626256507784,-0.7864006873331993,1
-0.022801458507986788,-0.3714730867192065,0.1670007233454003,-0.8869017737243263,-0.52382766452106,0.11592243233569559,-0.3036615238739961,0.09217767548411607,-0.11066629019772234,0.3988586322057544,-0.8996552954683777,0.3041929195534216,0.2465828628937131,-1.955276426310101,0.3507851757548093,1.8078761587991903,0.1841523738880081,-0.4406406317071726,0.6625713425815531,-0.5198994416291538,0
-0.1199387021124156,-2.1087921766681816,-2.962153514824694,1.651655904133937,3.6908511841859624,-0.20302657757123777,0.06526819534255347,-1.0612986058321459,1.169687960871895,-1.645045463791693,0.03806887162909979,0.23658175087619732,-3.8892369061563374,-0.7388028687302217,-1.155625481668862,1.3697087779697807,-0.10565275002358487,0.6340240309160842,-2.295075523114666,-0.6062983331138401,1
-0.16479556912791726,-2.596542365153324,-1.9740736787058013,-2.9249381419078158,1.4727408330089045,-1.5983939467824146,-0.5652847763990818,-0.7579164711656392,0.22012019474595323,2.2242936953302723,-2.8968070673602746,0.9926885389127922,-0.19492131021930292,-0.4107086591024168,-0.8398808965107355,0.5458171745620152,-0.8549513048526214,-2.9144473094309102,-0.11437550904831673,-1.5337600849541029,0
-0.5169874061112505,-0.9643154224775831,-1.847486938546889,3.8446599710144507,2.9413617571106045,1.717953058594274,0.33523868706994847,-1.258254851468291,0.526529908441179,-4.536817183476369,0.40537502228689837,0.8899163325651686,-4.958303435948879,-0.9474921349737745,-0.028083865592979814,-1.8333411645064328,1.0064963945429486,3.12769686846213,-1.6542255560750458,-1.1918129406964049,1
0.07442849707160486,0.10611483563783472,-0.1667099055259283,0.8411403050083076,0.3622463011438634,1.999745464045778,0.07299675597335759,0.8595574454522859,1.4251976050629849,-0.5971620993151461,1.0193791705278912,-1.2145434897264067,-1.5197117755124598,0.7800781797165829,-1.4071440262149164,-0.5339091013167999,0.6727291319081825,0.8298198271860909,1.0950987928622695,-0.21186904770325865,0
-0.10267222696056912,1.3204474815343412,-0.36143723827419405,1.5160319786750427,1.3922588830597105,1.3022420769790313,0.4145418143797882,0.6552646322245198,1.5035372657453285,0.1950731107717672,2.5571897854256114,-1.6853109387619405,-0.4940059106675064,-0.7723040253264754,-0.002083797420183821,0.3143834940548472,-0.5548180340374085,0.2119675111175997,0.488864587864285,0.6836038893730254,0
-0.7041991683686071,2.722026362920959,0.06177731850951687,0.18667538662469618,1.5177348231405197,-0.36568077975111196,0.7609047431569078,-0.07685920459366832,0.32906153687582296,2.54761100635009,2.2180119405494243,-0.5465073945087545,2.7882874941990523,-0.19952867332940877,0.29798223637745164,-0.5157170699330023,-2.5215331509448466,-2.2308229962668946,0.8643096909911951,0.7091189348255071,0
-1.0537084674121946,-0.38515875116996223,-0.6696382247798727,2.3064800217969075,1.4634478238136819,3.1897046732890626,-0.20896048733203057,-0.9416117187538253,0.15513777797493256,-3.751459222327964,-1.198871426927934,0.4995269850954084,-3.7004276622807013,-0.1285074808558058,-1.0439728399982582,2.288682068797672,1.2337355302792126,2.2044688003668123,1.3176073076328385,-2.8411442595288388,0
0.44811979916967415,3.8134021261306947,3.6305496349251567,0.6168248031147563,-3.7490539926973794,1.0181960809574775,-0.572997804990946,1.840121658168674,-0.4931471137663006,0.7070898298027405,3.0252772739734213,1.6810923149304875,3.718475281212904,0.1811165102110608,1.166548590977006,-0.7509055497801141,0.2694413002336775,1.056471139460025,1.771645549267646,2.361198336597277,1
0.25955244261198196,0.5543001829778328,0.32638190804763906,4.627537065080678,0.18425996885187784,1.0307920773272303,0.24092499728946865,-0.4531533313169289,-0.459849564379302,-5.113810185393774,2.0997826304474376,-0.030144269520851127,-3.1671559172030723,0.26588629805933295,-1.5245212866191742,-0.5677057842186854,1.7123743103786562,4.812772567551933,-2.5541674217490646,1.1177707966284482,1
0.7281191558300951,-1.11636471657805,2.860260955482496,-1.104669326118167,-5.268472160846027,-1.667676339224015,-0.09343407091699951,-0.5139452091170669,-3.668670390306964,-2.6013900356347612,-3.426611160920305,-0.3618113392325675,1.1785591521527081,0.22898242506107808,-0.354987284113288,-1.8037814217781782,2.58028990782583,2.5235577146602224,-1.2250288928345072,0.11241672437706174,1
-0.05055852503839299,1.3057042823006406,2.8484611750983575,-0.3468268100725592,-3.705857666423179,1.1143608249361083,-0.04502682282886669,0.4416885659578789,-1.6913173273542335,-1.1065753112056438,-1.0376711066384166,0.5212952905957563,1.7024568771604562,1.1487334829294389,0.2650560448403119,0.005810558542450015,1.3663820140399383,1.3593232219196865,1.8641775450714806,-0.3943305337542452,0
-0.24149962030939096,-0.42380668766499835,-2.4335691909517365,-0.3463471250953676,3.5361422428450666,-0.22356081281415144,2.6631823501198237,0.047583823921751964,2.149470920207647,2.3731267779637784,1.251852439030516,0.6329617515098265,-0.6601450796722876,-0.2955412401465491,1.0175012290841814,-0.4495760382252812,-1.8353852787631069,-2.4042816585908082,-0.07990030343713883,-0.02507710920357953,1
0.35372064148456844,-1.7393693365591893,-2.2245709313273254,-1.3059717424215762,2.2521383092184983,-0.7573874963817775,0.03272449154070758,0.37967776767310246,1.9442016762110081,2.227865223364254,0.21020370062750854,1.4323420312175017,-0.9949588705353596,-0.266914712014321,-0.2552519421022534,-1.1890112823800345,-0.8596746293110433,-2.025067920569258,-0.5550699237927137,0.16862781660211534,0
-0.08395463293351035,2.396944590269389,0.8040062607316727,0.07438586547695636,-0.016302826757888765,1.4284144197069486,-1.07669016922513,1.4243140550718987,1.4603688728923165,2.1333928694496613,2.6911259665255858,0.1898478362124643,1.8195983983922115,-0.34961218677780365,1.8618057836696316,0.576758066193072,-0.984013525452183,-1.0749407077803084,2.1440301074571706,0.9302457403814163,1
1.677053943417586,-2.314940843670366,1.1353514230598791,1.3741564652520601,-3.313333170987452,-3.1158389255329357,-0.6654854146902154,-0.6325400316391204,-2.708160107764846,-4.307913512823276,-1.0394575985617551,1.7691167002632864,-1.5259152330382146,0.8731694306934659,0.2801213889694491,-0.3617630688368137,2.878365558179423,4.507151179624549,-5.337827269168596,2.413297775318447,1
-0.9493693093904753,0.1437178842997159,-0.2014997154042224,1.907023853021888,0.9293719864452183,2.9432913336205004,1.5145175625895815,-0.6320723534455027,0.10325929376088072,-2.9663639562300745,-0.8113278385405529,-0.6174466124590982,-2.661393859777073,0.7730831891775268,0.3968386658488053,-1.9121031610848602,0.9761352154611935,1.781784774355499,1.5771448965120993,-2.36520876239577,0
-0.8062249239552736,-4.2789523843084645,-3.5200334288306276,-2.532434136282773,3.2777660682555734,-1.151596947046412,0.5370908330611436,-2.082494828233776,0.023907370975019937,0.5387108447503381,-4.9928032818671015,-0.10755913185890842,-2.7118219801113628,0.05162637671120796,-0.041169476912550004,-0.6950436601497395,-0.5585137174430803,-2.6282349836974936,-0.4211531299587683,-3.6621467644644508,1
0.5019338168826262,0.8814974039259758,0.14709263518010818,-0.3142444215833893,-0.01686053315088495,0.44959848608446656,1.1159020533653614,1.4740011291946022,1.6366130796786822,1.9758129282502528,2.2591782782295047,0.827850095962418,0.885802374836233,-0.6492655780759244,1.312408621742632,-0.007042798924735517,-0.47514112347410753,-0.8059913942460891,0.7360129178057347,1.4315746733515662,1
0.427698517418536,-3.6670000845699002,-1.4684525985184789,-0.6125769139841968,0.21930783018841637,-2.022979298666513,-1.640266639225316,-1.4108039337603486,-1.1965925947781235,-2.0292160294793584,-3.264134373926359,0.21181707897447793,-2.5841756787705608,-1.6325584029920932,-0.02402785808060396,-0.8202413294487015,1.2757660076262176,0.9640912511331622,-2.902069887603126,-0.8647809323879094,1
-1.0105564784995165,-0.04551927887963672,-0.7679207786950905,2.420538480493434,1.7770395976472657,2.465271779643023,-0.9906923886377034,-1.0630206684567718,0.054005260978658765,-3.2933486862011665,-0.6280260063717396,1.7268338422187606,-3.115607275640812,0.6294135848867876,-0.6808872820390818,0.09643371879348994,0.6973596049039409,1.8780006808311405,0.7000280050107697,-2.2430028483650175,0
-0.028348189875783802,-1.6783562665855287,-1.4399374388593604,1.929288945398739,1.5804414736944699,2.201542802296407,0.7080891218566765,-0.07785470209850961,1.314759889356497,-3.0053054882518757,-0.21030521692714318,-0.7042877081911889,-4.467262175920201,-0.8480986993392317,0.08718640420643022,-0.23888074786659733,1.5798287721339914,2.264696997627633,-0.2301973671219204,-1.2584057973535292,0
0.2730999972099922,-1.3691573270437691,-0.5666005243917017,0.3394297982348865,0.12034212557432099,1.9405613698382922,-1.100779282836685,0.7186224784484397,1.346057991294947,-1.2672251559194052,-0.33874196132809364,-0.5341483496880968,-2.7034082589831945,-0.7112986247605377,0.5633454625050239,-1.6230458934657455,1.485606809741531,1.2113574729519139,0.7773593047119989,-0.8243867061441532,0
0.17025351441644532,-1.319380720223514,-3.0434958600367428,-1.0261180904586054,3.7937653388855033,0.3902394318417342,-0.9228301897268331,0.9353796808134216,3.5572411663032617,3.1940959667056266,1.5083445100837685,0.3550224544215164,-1.538219101146443,-0.3038308479862159,-0.840281430657129,-0.22111309528850173,-1.4903657800800094,-2.8031563051632595,0.43329833605413914,0.05479558222260095,1
-0.19313472928883538,2.364345215083306,0.9049948234750331,0.8192176198494637,-0.059108648319854094,0.45028590309920596,1.3972264225587627,0.5153351830824892,0.24840824232322067,0.9001245296833446,2.2542695303496236,-1.034372827923598,1.771465093393758,0.057013136371051244,0.07377010788688614,-0.7107601035491785,-0.9463723529482205,-0.285441582671787,0.7617287207056727,1.0465013437055366,1
0.13118088293125615,1.7418708529010385,0.03996939529315453,-0.012586580428257776,0.7386242706961553,-0.15168418985562496,-0.045970007917145186,0.9448361304966949,1.2482787343191095,2.446712240994019,2.713948599514209,1.272487446598739,1.8096329243004639,-1.1466647145209035,-0.4620960186513983,1.891387849550339,-1.476916944212868,-1.4524854571536303,0.4615707952157825,1.5752838308008297,0
-0.37131518061384133,3.8910754669201135,1.3480590261182501,3.0214597299197985,0.31629332526703047,2.1170366048413407,-1.1744705267667168,0.8895997103933762,0.8353709285671459,-0.4841993231709084,4.305310104199743,-1.253348193121886,1.0206909781832783,-0.5277768642459393,-1.4108244980878752,0.34864434433422065,-0.714847091083582,1.2609467133850323,1.1863937360573553,1.4635218646335693,0
-1.526194554851342,-0.9230467034683902,-3.301203626865387,3.1794861121227673,5.465409128282032,2.7487135343498257,0.9449716653887317,-1.7596376324220837,1.534684658930595,-3.093940936862634,-0.23535935043456066,1.027421535338774,-5.268420020929438,-0.22626087117375152,-0.15959456182499593,-0.6637203769797122,-0.3809666437809147,0.9170953710840766,0.16656648638574767,-3.127982888608055,1
-1.1991594103441572,-1.0452401547308905,-6.223234325063137,2.3951322946521447,9.631861842935885,1.6679307481338643,-1.2525890123654957,-0.8092041638527829,4.961432940984422,1.407795622572901,2.9844354801306108,0.8795925879863657,-5.047575698475272,-0.5024624869106167,1.3111588863181052,0.6071311007836184,-3.116586836653824,-2.650496241493363,-0.49256746620455605,-1.444252527376583,1
-0.3126724052321167,-1.404936958356334,-0.23139854202423696,-0.11519021623093773,-0.22920268558569717,-0.20876097492396323,-0.15492460183627646,-1.14863152088947,-1.2834711332419708,-1.8266281981977956,-2.532720436239007,-0.7634313401500049,-1.2478164117123114,0.7007362851328974,-0.6299052547184123,0.8729191867707867,0.8354115486151719,0.780641562388353,-0.4790785949375632,-1.5401226059529236,1
-0.0029862482667290255,1.980702391990061,1.5655100876616146,0.38081928951357225,-1.366867218682927,0.45717119539715334,1.1761751052399196,0.6138594982798564,-0.328388104079527,0.3927857492128873,1.3705652301650764,-0.1683082339620694,1.8551235689378303,-1.7339835294173527,1.1570963854639587,1.226405143870384,-0.18119352682477596,0.25468905023737903,0.9047970599837631,0.8826924004542209,0
-0.14178166832545575,-1.6752860931965703,-0.54629031840976,1.0923318348022226,0.18606251182649416,-0.32378864275152247,-0.8784828365480701,-1.376046377240034,-1.3013350587676151,-3.1521123761900705,-2.006286000252265,-0.761407543284805,-2.400558110240601,-1.412535763421003,-0.14822287759177039,0.19229297814189597,1.230740075047318,1.9881537394813937,-1.6973227166080296,-1.1095285786958538,1
-0.023979825254104255,1.474488646313167,0.3865029704164437,-0.3395379735178983,0.10336231816976656,0.24373460210328476,0.2779830647427085,0.7788835955712035,0.7801927467598988,1.9364616259258163,1.6385980508082352,1.4465039359465777,1.6762434734872202,1.4548106449917426,-1.1102233865095998,-0.5146415492181471,-1.0028055240875868,-1.222444368191352,1.0441166660024699,0.8010159523411606,1
-0.899184693310477,1.0651804218210918,-0.6927768345420094,1.4652534571979936,2.06594850328852,0.15127730153710675,-0.7067567572181777,-1.1466219570246026,-0.30889616476711845,-0.6175093251027416,0.5242256082369839,-0.5636490274263427,-0.18900994869904747,0.302449714360124,-0.36722421595499294,-0.41093115629918414,-1.1750210122938398,-0.19413202016776734,-0.22124089250195644,-0.6569614772135101,0
-0.8674358504762435,0.7898012141946741,-1.4840728213063352,2.0208989268070803,3.182379400274805,-0.2766425476006004,0.20709386223295154,-1.4058398838708273,0.016638671068215483,-0.7507761200066941,1.0415002661510993,-0.8748203800761191,-0.8434911891353748,1.1423264545383518,0.28488989257219893,-2.2763735085920023,-1.5062731132994984,-0.1752072661277901,-1.1707349593405758,-0.3527535813002842,0
-0.9807879929741024,-1.986043163900525,-6.3682983074832915,0.7675849727773429,9.135320685996334,0.8930670309073467,0.8284545156951065,-0.6964607573576386,4.881877580704355,2.579604127692324,1.8281587135279442,0.4780899966274559,-4.49066830295179,-0.9267131024921815,-0.01962348581047458,-0.2504680389919105,-3.142936363557262,-3.719081789184941,-0.3706671871914271,-1.6340548919460502,1
1.345947927500897,0.037414118882372484,1.0938988055883214,-2.3852381180077287,-2.404050858166241,-0.3417802056316351,-0.5681423298343345,2.475128457273592,1.48850020038685,3.2830526031609466,1.4332911734509814,1.0383887557346116,2.1034032849154127,-1.830768448394866,1.309472896350713,0.5054240932166992,0.3055245741315864,-1.2589354199520282,0.9819702868815459,2.1760397997085583,1
0.10383527727982378,1.1442962781798967,-0.8019437896559399,1.2863756747341433,1.8719569885035086,1.3084683054357824,0.10164428768951007,1.0861819151068692,2.316191043447091,0.9809702705137127,3.179917397657979,1.5681047947182098,-0.6284902740267433,-1.131026391491943,-0.014019538257588698,-0.5260780322119588,-0.7766240956176134,-0.2631269818891647,0.49280761845848997,1.0706346844267207,1
-0.029723189556662522,0.9062899678582526,1.037684500070323,0.14316743615157024,-1.1156204812492305,3.052915870163574,1.1040491364833538,1.4826408252331464,1.313099053792852,-0.12323853613706004,0.7541889744813266,-1.4356188282134401,-0.44644497022514545,0.30268534899598587,0.9763839534621028,-1.913106425179025,1.004189738917995,0.6579908490844563,2.942907598037962,-0.6074344141141623,0
-0.989491352728207,1.7387890812157056,1.0435437322652752,2.076429082846462,-0.15316095434754542,4.584421196549079,0.0886466973980125,0.44166722579722517,0.6821352612253107,-2.47684184724542,0.4342653724717763,0.1683951924752465,-1.6985576198531565,1.7221286056849698,0.0626853968868732,-1.1912901392878061,1.140888857594504,1.942672240461617,3.537056045428138,-2.124106234785268,0
0.05099323828714438,5.019172421936169,4.2804773099483135,1.676759167299371,-3.882849387624161,1.2831134192927462,-0.09437175003538116,1.3929513071160442,-1.2619699513400269,-0.18610320991321952,3.4385193719283276,0.5029004049141359,4.21106202003103,-0.08589324971779164,0.030311657494342222,0.32627467084668543,0.0833747719670408,1.7116506554571396,1.841789941671062,2.3125528118888,1
-0.6866695233927465,-0.8574548358148658,-0.9700663494419473,0.31065081146996976,1.3406082778959822,0.7805167357000177,-0.4381098242435948,-0.973591991542449,-0.13948684665049715,-1.1801723664040251,-1.5640298523713274,1.0584845435303247,-1.6613638505836839,0.13977696976623552,-0.2846830356725835,0.20330294356907486,0.11029846452552194,0.07391403318857678,0.3963180495646359,-1.8994471371857606,1
-0.27059230324525935,-1.08786952076096,2.0761511255992486,-2.9886072140640683,-3.905752742555967,-0.1560381357254664,-1.4126684181710272,-0.552350993885502,-2.7127894280874134,-0.393614224432622,-4.891560052339946,-0.43015663559183687,1.6491655483858898,1.2133164091856419,-0.16134421165179372,0.0495785204847066,1.4788146437792165,-0.2561679952488274,1.9698589108710691,-2.3199352076926725,0
-1.4960376758922,5.856801906162744,1.982930953103212,4.295544818501812,0.87117581915407,2.2853534447154527,-0.8203438245306957,-0.45440908508250816,-0.7119116248995434,-1.4251760836564835,4.211879788921,-1.449856565480906,2.1915497434350857,-0.8171854666089954,-0.4541895583115157,-1.106308181228342,-1.7172726016547863,1.3363658239149274,1.6183785030836995,0.5803369314207362,1
-0.38150575532187647,0.06659117919178635,0.9496407726357093,0.9812735889414226,-1.1626244699029151,1.5726214829308853,0.6419305349615512,-0.40008350962449335,-0.9776413051838084,-2.619409982593232,-1.2620234502070073,0.34753037615807447,-1.1473135941956605,0.6532831732495379,0.2651555272988874,1.163508767954987,1.3993679652805575,1.9607395789089244,0.8560855707755282,-1.34946790893389,0
0.7992669504568249,-3.151931903437488,-0.3189534829674763,-0.46574371942642645,-1.4133911629804976,3.148266047367646,-1.070594338235602,1.4701027059678482,1.76477908472565,-2.3180105888886646,-1.8912508407276376,0.3616765854236551,-4.453350707631757,-0.8897461017865688,0.5823959599840627,0.5037360462124257,3.4453775338728514,2.3406123591535173,1.562224670481217,-1.6260144173719553,0
0.8688068657111347,-1.818696538891837,-0.29935682015339765,-0.43438464085143136,-0.8080696592182044,0.9797983376490806,0.1433391676062309,1.1835077773114937,1.3155049813202955,-0.5597446448865043,-0.2448374211038223,-0.25658793018217363,-2.0889365013011907,1.4790789734057603,0.42423425971189876,-2.402753934899687,1.7000118167863738,1.060692224207377,0.10895518202402843,0.14148968823405528,0
0.08144046093136291,0.05242101745217984,2.472493893597603,0.7114414296085471,-3.6767528869437225,0.3622356687292392,-0.40996050385277344,-0.5376295574115068,-2.735987240248492,-3.5482060118069514,-2.0876981358140214,-0.24141441042020614,-0.016507731064023947,-0.7470780793016416,1.1011557622472865,0.9519603635098018,2.305955701151093,3.12402367517584,-0.14195654945069835,-0.5743627794096484,1
-0.05395646627209558,-0.6693442561572193,-0.42448178191593455,0.5400344317563867,0.3958956769641088,0.30116130883449915,2.33416358012704,-0.32793155432028936,-0.02411150632435488,-1.1417658654693579,-0.48386336642163347,-0.17186298646329173,-1.2959217216510575,0.29186176200001496,-0.20528709148810095,-1.1081645311908017,0.49004513249630877,0.7454850313754493,-0.39257117796103724,-0.49010807713386717,1
0.010500311987133904,1.003341585757318,3.1208050084898944,1.7909674358666532,-4.053920156119981,1.2030999975596546,-0.13251667954189647,-0.3315543548910217,-2.7752226087783347,-4.429467861238207,-1.1953867181471634,-0.2783911708109784,-0.08909074455590449,0.0788960965985086,-1.540793042430867,0.6333613148436524,2.602917119748849,4.128943917162855,0.17270507604266228,-0.32772420134532987,1
-0.25012391064648576,0.5594616464993416,-1.447944228350557,0.3640128924440764,2.60873752367289,-2.021851855250974,0.2677512243644622,-0.8203645117508952,0.2192343136204633,1.6284891476586298,1.4238903402415355,1.224584437626143,0.9402673815617858,1.4594936033835215,-1.5369479600263205,1.6233965622990456,-2.1889724813949627,-1.727067865026948,-1.7837771482242832,1.009065927062565,0
0.02999170098159612,-0.7475368322251631,0.06343855209478053,2.3180455106372886,-0.21732508138020717,0.2208423338549504,1.5687786041028489,-0.9753615823508885,-1.1633917297134437,-3.938146697485917,-0.5906070561980958,0.7560533220786464,-2.475081889705022,-1.328096262433748,1.981691806400029,-0.06554760678100492,1.5423963093651685,3.143766170845159,-1.8736713087509367,-0.2750457006641993,1
0.2560715609883013,-1.3920839072427127,-0.5778722737699167,0.374348189610862,0.14089815121062663,0.6869344849419392,1.2873243901521403,0.09188142681449034,0.47749750427285487,-1.3729707315296646,-0.624067841581203,-1.9593902260907439,-2.13611580006762,0.47097850370678035,0.8554600086826448,0.7326493607290827,1.1298150646504816,1.1344545171206812,-0.34318343423688313,-0.4917792473667032,0
0.3134124827919592,-2.4111252422484917,-1.4030951875838684,0.4509199344281568,0.8830619967637323,0.5236224409975254,0.7251513993817416,-0.18728583265640286,0.7159137016405654,-1.8298251430248855,-1.119130717302613,1.4453846895829336,-3.3265115795813855,0.6799730755167559,2.328619008421566,-1.8240698738929368,1.334794166717328,1.2855230326348592,-0.9814753330386401,-0.8144455990475423,0
0.7883883265234926,-1.1575099682194439,-2.0148409231927418,-1.0854723779279953,2.075835915607704,0.36687336166852547,0.8009366396294623,1.7295501816931076,3.4616388841396515,2.999618394781968,2.0511166126099614,0.9478258028372162,-1.097187124668251,-0.4317957886402062,-2.7735628629134483,0.6820344500439264,-0.6653976977639979,-1.905221064848755,0.2812105430176177,1.0932527281118714,1
0.5234780388784532,-0.25484169486616376,-1.4459080766451204,-0.3188514976717358,1.836157292709154,0.44088414646856694,-0.7078526767431832,1.3759918117916998,2.768637367935508,2.304125423321708,2.320157661896512,-0.451409657600639,-0.6292093259047263,-0.7817125206119687,0.2825435261067931,-0.4360534876498796,-0.7759780752136708,-1.3695322118706332,0.23482188660679948,1.1300489413473367,1
-0.28409670906351164,1.8816139881949685,0.7882167426824906,0.4012905136963363,-0.13268457686132643,1.3760346945888586,-0.28394181088253484,0.7418380213536646,0.6626755918122522,0.8272424151551461,1.5732419826073398,0.1392154086449031,1.1098896051691192,0.40119221632689,0.38397155254686227,1.2061533956705917,-0.5142665853663964,-0.35011301979097204,1.7478106759261487,0.2138457564186993,0
0.32431807638532784,0.3076032469978031,-0.491163567064192,-1.0306583955253723,0.65836503746516,0.5106434166987744,-0.031918494643361994,1.3508295954130987,1.9911685495984544,2.636390588941823,1.5739849739252822,-0.36047340420459595,0.644728743802771,-0.06104342546999568,0.31747193473109014,0.5114155009299537,-0.763875456799962,-1.7033442618751753,1.1810602067171199,0.739093493934031,1
-0.008040778576627026,-1.3255288984881954,-0.23768044987308157,1.1196458085615812,-0.15772424707231175,-0.4839869790085258,-0.07737239133277289,-1.163664451759093,-1.3258144178134055,-2.9243627060513218,-1.5485158357958273,-2.6388085002598998,-1.9245495327117776,0.015019226594289363,-2.409888167106808,0.7789797120440013,1.1753802464921017,2.02366461668973,-1.7765562532650199,-0.6280575411270368,1
-0.381980165220762,-0.5807667401941485,0.8256771370175325,1.6019974700584902,-1.222130350959412,1.6985278584910481,-0.8322938831181725,-0.8173614118136288,-1.396068897981199,-4.120000233171047,-1.921331751836186,-0.6147728651569183,-2.319915083641607,-2.209151619088701,0.3428151624026237,-0.7082884626016631,2.100697712991577,3.0535882337687723,0.24552371422403452,-1.7458090315543164,0
0.3991241494049955,0.594615916415795,-0.8846925513188325,-0.04921965094351122,1.4719844777698015,1.3880630576299144,-2.8712826629574613,1.7871521631771239,3.018328917270552,2.3429935252398324,2.9047423392951695,-0.05164415516508496,-0.300041742690602,-0.16090490804919289,-0.37845405184645964,0.2056863749606842,-0.7156344197359452,-1.2061660702037678,1.247087033145778,1.0851297309759937,1
-1.2874468049932732,-1.3791947240364222,-2.671390344774618,1.8166629282547127,4.05299998699914,1.6130548382795626,0.2555736537123689,-1.8376966974678375,0.5794137601882576,-2.4745357982758556,-1.4678659731970813,0.9808534491374752,-4.0496972330205,0.9886691693580026,-2.1615603333191933,-0.7422295201916345,-0.21515847714191638,0.42548271573668545,-0.02652562047770768,-3.016122268068275,1
-0.09663181652331294,0.9382977557795167,-0.620463406674284,0.4329057062755839,1.4815186988684919,0.09498637438450956,-0.9438507054237175,0.3466599568081065,1.1253347493602468,1.3178850303652054,1.8633582815665344,0.8456015144669514,0.4241069790124794,-1.0945865395529288,-0.7454734920621153,1.840217134841991,-1.1554274459935199,-0.9543557019479944,0.11355947053772086,0.7153201704849432,0
0.36905875619979056,-0.24206788797603565,-0.7758100511644426,1.8813491103775193,1.1215950711723153,1.7383403870666527,-0.5423723214387958,0.851156588794291,1.8594942071005969,-1.3458552674836908,1.9563295488562726,0.7720215620034229,-2.638309295877809,0.14486766465755532,0.9212476849103453,1.5313237445794692,0.8324268268733266,1.6546634733504497,-0.21988292118507902,0.5214335233286609,0
0.5696586353271156,-2.753358216766869,-1.1729381215563233,1.0378156529598745,0.32730995779860184,3.0510228945467563,-0.3541076414479869,0.9750225100158064,2.0985157011147395,-2.949076563685486,-0.6919682009145649,-1.237820944087116,-5.27860701370068,0.45353783374517587,-0.7349104144777995,0.5243627472529105,2.8313885165136528,2.6972388673166274,0.5377681436833885,-1.3055179096722882,0
0.29265182019455716,-0.39150832964279203,2.030463278222505,-1.901537324623348,-3.5878469453108783,-0.07348431228075931,1.3758661731839563,0.3511660018108171,-1.5879516066260158,-0.13883111969661274,-2.365847007673815,0.5242646776431689,1.4889441768629406,1.0125460010538367,0.7775312408149441,-0.5091952404854638,1.3842288662911713,0.3485837607305402,1.2057138983712894,-0.5510912440037106,0
-0.5761822239692147,1.3828810425905311,-1.6903038762297085,2.179097674873181,3.6884178378436636,0.9867865786835294,-1.400507960274943,-0.08572997733735276,1.9112243973748437,0.4320078448369482,3.0193464969187023,1.2879824738019383,-1.0560196358043439,0.7198372908713905,0.2606628331504074,-0.4228119610855433,-1.673068567779778,-0.542487216853032,-0.11384576171880867,0.37135703944475995,1
-0.6109865227667232,0.51307904055648,0.9766909801798187,-1.4713141509516516,-1.1659015229779828,0.303977441503221,0.7505868538357765,-0.34279194530500634,-1.0926839678342102,0.7366246975273072,-1.8621598751346942,-0.2218609037953063,1.672941634702877,0.19597503386460266,-0.43522223280062844,0.4216844682644445,-0.22287857878866113,-1.1146982110075216,1.9035516785495645,-1.4261684378359802,0
-0.42198158250202783,2.4550295317816713,0.42123961439065594,1.5166690458432492,0.8797342392161354,0.7445608505222207,0.7458012510604037,0.22901586130873355,0.468662346746484,0.45150570583061445,2.554694951201341,0.03859194022703303,1.11250978889954,0.5934291731936091,1.7992715750189994,1.4556186900811166,-1.1522893705243233,-0.11362650170944325,0.5994525330576421,0.8064824621498334,1
-0.30202083930738277,-0.44612912685681444,1.2470893478118605,-0.10547972633373126,-2.0093740132129327,0.5903280158514439,-1.4862770299502939,-0.6898132850540377,-1.8294732691040458,-2.216400211028358,-2.5099511410216184,0.23957654036320872,-0.33091209647563213,0.5289579363925203,-1.5396665192733199,0.9039227507368559,1.4426065935344392,1.4717572940323391,0.6220055003321381,-1.5057453501855127,1
0.5730055961645459,-0.7245211323570115,-0.8146284770055773,0.04994110380276673,0.6718460189961383,0.5288971299663421,-0.9842723752925036,0.9943729851742442,1.7237870360926892,0.5488534693754653,1.19496217899194,-0.03368652690871602,-1.2427937645687925,0.9709007319343095,-0.8705726162617562,-0.9503481831017347,0.2963432406491764,0.040447434082909614,-0.14013116489782607,0.7110919676061538,0
0.3715391271665305,7.611494074602105,8.753542182635082,0.5121328140961272,-9.647356096271738,0.6838089946085543,0.12644902282346232,2.082365182391814,-4.247214085819446,-0.022071281045712744,2.928659494027125,-0.8357621350209089,8.996014103163839,-0.687937387463827,-0.2960172273298979,2.2142515234622757,0.9636432966125421,2.5857278436306372,3.215637738907529,3.5150773519134515,1
0.37048907120813757,0.9219416609703914,2.223427230658318,0.6776198737906443,-2.9923214495434443,1.9031709820082046,0.11772121738091015,1.110638782083019,-0.3600712790275705,-1.7026592466981962,0.34009589469890955,0.7653902141704337,0.0331959039118684,0.9825734636277772,-1.2191146113192166,-0.1918214582066392,1.8853887494412924,2.3051903177954345,1.4052627296664852,0.2538385740090814,0
-0.6888051186353853,-2.295754020887132,-1.3138663418958612,-1.6795010359815303,0.9486543449531871,-0.9479555514427269,0.7286847972169158,-1.7124591635080133,-1.1861808249996555,-0.2590819182967532,-3.9667156582359175,1.125587771040344,-0.9095913268370154,-0.48819699723224685,-0.7775390398449775,-0.2729753999198351,-0.11321903048587001,-1.2695208564949862,-0.12608489678879808,-2.596485845775064,1
-0.022770976981821515,-2.2944832479180994,-1.2734550499317168,-0.9984347412297242,0.7093896992585932,0.4787160841862552,-1.316748846822057,-0.23923954695297747,0.5558550599937104,-0.38357521697102237,-2.1204062018090832,-1.9361153136786216,-2.1141944423626566,0.723610587228875,1.028682610696392,0.12584696961935726,0.7498416650340687,-0.2660927964889486,0.29362060902641485,-1.61518636921456,0
0.45196795594081246,0.5081786791231472,0.7865154402607208,-0.3031697369275943,-1.1528516292619784,1.6793705496835545,0.4626263353811024,1.6253257025843721,1.3599145168564237,0.699962609750521,1.1848580181234105,0.7013730648392228,0.06596177298546903,2.11785594962589,0.10854267602843841,1.0310629139880534,0.7147836018357099,0.24687652300262042,1.711875191474494,0.4936464488797241,0
0.3389528402299556,-3.2140600164765893,0.991162683062169,-2.4390536055120005,-3.46576848964201,0.3623553491356521,0.6593805861869515,-0.25678654846770016,-1.735785583503345,-1.9981355956458695,-5.249133178869788,0.3169794177734066,-1.3975568008732304,-0.38647671725197413,-0.5267554326549905,0.8886627535509601,2.9350884247091766,1.2476365167229777,0.8920970318019664,-2.4159615206622354,0
-1.3917983852316194,0.18561160186817155,-1.695718363202489,3.064639708913562,3.514404350246128,1.1267297698164076,0.1696937923520195,-2.1493725496924805,-0.41469073188893857,-3.18257737142327,-0.32403401115471736,-0.30353598557719785,-2.898316764297101,-0.7001158732050082,-0.600973963003361,-1.2931453236461579,-0.5304645434232473,1.2648845539981817,-0.7422979097398625,-2.065827245305034,0
-1.3138720975879832,6.119136929745346,2.942733757613604,3.4037907184187075,-0.6226027075824146,2.3351130168562175,0.6024772094394821,0.026568088843393477,-1.035508801580535,-0.8497695134376229,3.8487608856289235,-0.6472406379880465,3.289080775510974,-0.7090337116647051,-0.6284848638960467,-0.05888180990272468,-1.4075610029551089,1.142523275874492,2.4014804198082356,0.7122265544291417,1
-0.47415225441225906,3.0585782617741506,0.37796464402106605,2.0056926681523595,1.3091089418808481,1.7980950443698416,2.4147909986586313,0.7685395182297609,1.374961400192346,0.65997939878451,3.632887361016609,-1.1103995172960208,0.8363846621910809,0.07999338055914339,-1.333157310653655,0.567055517388103,-1.2412205132741834,-0.06966800568119809,1.3865070173272742,0.9072763117031869,1
-0.43038929882636723,-2.2680046089753554,-2.9549789096584513,0.8663295244313494,3.631229195530998,-0.05433663643567601,-0.8734096340878084,-1.2987320044260422,0.9134108115134003,-1.2270732024089157,-1.013222524635095,-0.21915601971306176,-3.547019423314527,-1.261454833655109,-1.0634020065709509,1.2277208771391783,-0.26517078805140604,-0.0841281798425947,-1.4797164790900632,-1.4927937653692656,1
0.6350394611830016,-2.771684269619681,-0.5367832999651208,0.21362689126188772,-0.7435072945183122,-1.9821547407435143,1.235121821948528,-1.1534586719508064,-1.5997013147375998,-2.696831297258713,-2.3151757769569663,-0.20945256564907563,-2.0812732360138924,-0.3200919809443903,-1.4164976350794674,-1.4045642570696417,1.5990875439669823,1.9987541414506989,-3.2250605753714043,0.017187298307120624,1
0.6760331458718228,-3.1123552599545152,0.12431184238732637,-2.0065312754513616,-2.1793702551770058,0.18861666326727902,2.6781098736383924,0.31664951062987384,-0.3641596910100524,-1.0396012906971646,-3.4060406220539763,-0.744784206726527,-1.75045995432398,-0.4856511760906721,-0.6455694286484754,-1.6970973849862518,2.336033887520447,0.822567629488183,0.25550755518551216,-1.29268313060868,0
-1.0946034026541775,2.6224788524263527,-1.4033450786246489,2.8407848315077704,4.120182907450143,2.0144432596171726,-1.8991763879154675,-0.13194656918375167,2.032347434294917,0.3774141901433996,3.6493935828942416,0.7236136191777794,-0.7080264309548012,0.07842939901864268,1.075433063105038,2.3004100854469702,-2.1178583747072146,-0.6300777373552028,0.9788261314164406,-0.0635742573943352,1
-1.4939351717379992,2.344565576097938,0.8644053501902769,1.7846280896256468,0.5748394305887031,3.1739487783755367,-0.30090401936135913,-0.5787755512270459,-0.34484327068973375,-1.6872182017537298,0.03761625413695577,0.49963710112595733,-0.21971936900680542,-0.27532322350543004,1.1494197282637149,-1.296375919263842,-0.17585258720094687,0.7243079857218135,2.9769002293676197,-2.247459433073784,0
-0.49127365693429226,-1.1158104042283317,-2.373578563659033,4.802264433950128,3.761393537132568,1.619938028923257,-0.44791447968698456,-1.51473754797797,0.6976699056361451,-5.3106497625663724,0.9499505501385317,0.8994649711482459,-5.870719367761714,-1.2758320865699382,1.1273582431747582,1.9606912721610468,1.0129128866314312,3.745456512042874,-2.564999760560563,-0.9367097167086558,1
-0.6539406464363567,3.9401532048955907,1.2924954345944633,1.9582773929560304,0.41318912216884907,2.029079360642156,1.0329639471528058,0.790497844459909,0.7757217023373059,0.6586923581311607,3.5828218211585305,0.7714389919158241,1.8650652818817173,-0.1949452084289584,0.1702983621623942,-1.8959648413072892,-1.259513938066064,-0.00267581868234982,2.0702587673072252,0.8400342667525589,1
1.0468621057136414,-5.020549935154954,-1.8787504901806353,1.1513129314464066,0.12495966902848278,3.5843006436723233,0.22534275368906728,1.0507781549708213,2.477026508616281,-4.777422707282949,-2.0176631291086404,0.07518708760618616,-8.062221338983742,-0.5274693236138563,-0.7491792406291301,1.227050059970152,4.535696827403014,4.208743272771631,-0.1677137600877039,-1.9473890630018316,0
-0.6136126212787283,1.508416681877586,2.5126941365763096,-0.8418520891920782,-2.939655456548339,0.35958548325599976,-1.2144592807526615,-0.44951439479411537,-2.4011773543157493,-0.4756767465290654,-1.8975450004478154,-0.986786045739545,2.567786396455382,-0.9644042546116923,-0.25325491002521017,1.4820224936157906,0.38152010390813684,0.17412352418202545,1.9028498041184854,-1.1060616699508303,0
-0.5499568814888528,2.069429046803596,3.2318985914697946,-1.3938088779340307,-3.840931570102021,0.27498257249410907,0.09186474564849363,-0.1273339477654379,-2.6339722382968693,0.21424586549500133,-1.8124680437534153,0.33951448381884,3.7316557566496034,-1.8852000520211172,-0.9107038230647322,-0.6457713506365684,0.2839418475536254,-0.18561475410266284,2.4616325304480595,-0.8332072656952664,0
-0.22114777432861402,-0.16390991914273387,1.5114458856444795,-0.5201595354842405,-2.3485509953517103,0.6099996040529413,-0.8862203436094058,-0.3527956517527073,-1.6662743859999534,-1.530587490952641,-2.2714794850479993,-0.1804897889316338,0.29432933456679655,0.2686614266837726,-0.19433154542032846,-0.7791516519282973,1.3011324022400084,1.0688376697625857,1.0361221786888195,-1.277274912616631,0
-0.08222975014997912,0.7104567881400501,0.26261501138816357,2.201360219875445,0.21758182822476957,1.0051977931524347,0.9614216853675427,-0.11781520157574506,-0.034922491004391154,-2.1764200251971952,1.1616080247773832,-0.865039226348993,-1.2815047086103872,-1.824724046900739,0.4939518719937205,0.06111560936738784,0.6155660379052342,2.0232166375588676,-0.5034880266189741,0.26187421230240493,1
-0.4101776767497791,1.1484337052136642,-1.395917951112067,0.7523838379507334,2.9073981966677374,1.3697772391830756,-0.16456307100859416,0.6350158683139777,2.4057909129696142,1.7609698816448978,2.555928654376853,-0.4838111315410965,-0.40020933018332516,-1.3405531800038282,0.21047054153048458,-0.3314562977246389,-1.5548922829957113,-1.4814709786087128,1.1660174539849661,0.14068407033731878,1
-0.39772667292209,-1.7933458737225552,-0.4453906530590298,-0.66876599811786,-0.12633220066809728,0.6582628030598644,-0.2049350378132454,-0.8269444667932286,-0.6749235606974369,-1.4868022096735882,-3.001866849317028,-1.2400602924705844,-1.7157322042791014,0.006868254939036984,-0.6694101948325517,-0.8943326230884198,1.0472752896686897,0.3959436464934575,0.5878693637963146,-2.2617089565862374,0
0.8680449612943253,-1.6847439115752252,-0.3636123676319414,0.9790222272410256,-0.4981362792225412,3.429910980101878,0.8029016181456861,1.9335337949625462,2.6231099282319015,-2.028178168540465,0.7313550293405129,0.7513759870759458,-4.178780911749531,-0.5604481514895242,-0.7008316788660857,0.7471652242595813,2.7366844333294313,2.591513811444838,1.2060625835668284,-0.2924379118039926,0
1.802701730837675,-2.342948071989216,0.512437458969599,0.33418368603076776,-2.571150612340026,4.586065852716179,1.313068515588715,3.617053070706901,3.6371661545490213,-2.036330851567122,1.0767646236507191,-1.187912808642065,-4.767460790537046,0.05053581559400609,-1.0365759163562973,-0.35301605672556224,4.383268142865308,3.6008325787143476,2.078621126391832,0.39328014092670593,0
0.0069561778171768575,2.562298016507242,2.11778442251101,-0.4311556074855809,-2.0117228072730344,-0.1525750456901682,0.5794425728672615,0.7454470264639449,-0.6972730476036719,1.5560717969700526,1.3902673541309396,-1.2812976734768549,3.4426957164646628,0.1476993252267769,-1.947883513321163,-1.7377297550512922,-0.6882615010985242,-0.6139048267573403,1.230386812146373,1.2381562917547932,1
-0.9373680209060131,3.048016407413879,-0.6426876877739712,2.781877682778747,3.1090649725588153,2.0192502725242862,1.1986413719910511,0.14318184422893068,1.7040217941112275,0.32751621567237243,3.817108794372219,0.26166297269647903,-0.06539874678667623,-1.9373623164764597,-0.3042238811718139,1.1474093301916062,-1.8491087088169174,-0.2946314783165373,1.1462697714415389,0.321155687733251,1
-0.014742669178268747,-1.4624061964969803,1.2465358278780811,-2.180472338549035,-2.836361585177865,-0.30658794792492683,0.2726977935299349,-0.4508803604829836,-1.9490858999825722,-0.6761012163003611,-3.8752364631897347,0.6674607816393121,0.5611046677832355,0.6503817887212686,0.834232665740161,-1.2120898919382652,1.4291989654362665,0.1405709423184455,0.9281102670608861,-1.679128029639942,0
-0.7540841578714154,0.07239802950071629,-1.618839584113475,0.8553921088606623,2.869221153699542,-1.065157401542904,-0.17431370503474794,-1.5134674150160101,-0.25725799540686745,0.012400048302985323,0.0429883574966194,0.878643509726043,-0.3786105236865013,-0.3915648063298045,-0.029890473902299677,0.7621984007922114,-1.5935780928670367,-0.962754127784199,-1.2849037765701685,-0.5273763143588124,0
-0.46948178167791793,3.408831607566205,0.7767045104144039,2.66363795881219,0.9466540017288649,1.5934177812022756,-1.0978623583492235,0.5288463777232063,0.7958000900525068,-0.1492848530005629,3.8194259771491716,0.9001769869124664,0.9168119978304589,0.39530946245848375,0.3547784821701996,0.7781091861260174,-1.0614139465913726,0.6825636409508387,0.8471117056973794,1.1984217249280849,1
0.003838560543663643,0.460266433700822,2.2904549811066675,-0.375664231791045,-3.294355240964817,0.8386629593555166,-1.1213806380747848,0.15407201457233927,-1.6927453116988396,-1.509880416767039,-1.606867721565745,0.3724346469822128,0.880548248807688,-0.4020667445166706,1.1946741443280215,-0.7900663251352782,1.5671227612806575,1.497984510401424,1.2856847207288642,-0.6572558321762572,0
-0.4018947072871544,-2.6767770600590377,-0.7018716847060877,-2.419841261981987,-0.3551814596668053,-0.4967171503159781,1.5856464928857328,-1.1439663052626583,-1.1535853896018693,-0.21238762091664862,-4.554073518708022,-0.6931868272364192,-0.8448291636321381,0.7795667272403815,1.1712457893215436,-1.8356576328620369,0.6680430631992552,-1.0337073841242737,0.5909209139563213,-2.7222319067298,0
0.1418702286690213,1.3630448266420785,1.455830370208002,0.39302624848550605,-1.5558135220189109,0.874483744140119,-0.9654979858290557,0.769057302942164,-0.11255041679920663,-0.15424694962613505,1.0045705218527128,1.7495813052724989,0.9961345573278358,0.0301615725351249,0.7828702435813464,-1.0144188771679996,0.428140954892844,0.7548769045661043,0.9608398171845554,0.6282305780174877,0
-0.26385251707631313,-1.2232577156958608,0.270553661057857,0.6330003027747079,-0.8376126604042902,-0.201297657169897,-0.7420061356576401,-1.3553171631364613,-1.916945623617342,-3.0390620352659723,-2.5382800981753375,0.36512541198301046,-1.478674342199276,-0.41796350383864467,1.6022532256069097,0.970941331376861,1.3479194285934786,1.8982475737452948,-0.9806601032891157,-1.3682605212076466,1
-1.022829486069536,1.723876116991417,1.5652279204125141,0.9513508696107995,-1.061346332404134,4.155285103586336,-0.5071230600565902,0.4200465847660593,0.09955313962794066,-1.7302850449289047,-0.49014352080208407,1.1663027472367895,-0.5734953347586933,-0.23635473708899585,0.5995941132814938,0.5684410062561545,1.0585334019340285,1.236604825323105,4.05893284830454,-2.379325031013579,0
-0.4771222126341826,2.755300466522425,0.29883864516921516,1.6913221796355113,1.2486936036065839,1.5339846032632167,1.188145734706984,0.622492772174353,1.1888991069782338,0.7291776013325731,3.1658427263492364,0.20065180395568705,0.8694449186240806,0.5367436230124615,1.3684219544726752,0.36257081502648514,-1.2291935824576476,-0.2404261021575815,1.2838519279710054,0.7408867390099958,1
-0.6474171687191548,1.2665890973849996,2.7934671353634166,-0.18170713469213728,-3.404029343069258,2.0724784514563286,-2.273496259115304,-0.10932887856223203,-2.040405644613293,-1.9503945998088088,-2.1665873952684227,-1.3514457648919713,1.0902624442725406,-0.9362886324067723,0.6769663873395375,0.6702198972773387,1.5366059028593386,1.495763604321524,2.827130916300592,-1.8653298307553334,1
-0.656579611058364,-0.4455688320194719,-0.014984350471702868,0.17511186936559575,0.06692158807358653,0.8203926016527073,-0.13476857911511902,-0.9121302355525802,-0.8618970960674761,-1.515963069241722,-1.9090646919359275,-0.1910476899470299,-0.940581132972369,0.030190787210155032,0.10678719347417348,-0.5484396718269897,0.49739188240826715,0.5085038678679784,0.7143202381134726,-1.8591739148655235,1
0.207248093846244,-1.7652076613606653,-0.6945289798161022,1.4692884079755941,0.2783785148488871,-0.3575745258913391,-0.7970028035821819,-0.9721408084893037,-0.7730677822998087,-3.185852048151173,-1.1350143513652442,-0.3958287807316623,-2.793507732234732,1.6714828911820923,-0.7431342647679838,-0.17962400023523706,1.398750812347227,2.375151066847218,-2.214460039919808,-0.3732054380103327,1
-0.41997655716494525,0.5068839601129479,3.178284139143112,-1.4745495662921966,-4.578525210048616,0.23940352004081172,-2.240049898519503,-0.6312609123361158,-3.4153038871357992,-1.571826648701765,-3.722536932830741,-0.1653990181435119,2.241685338334614,-0.49836239219244655,-0.09116911955618714,1.3059699173271888,1.57900203259228,1.0324681344400979,1.8552283031408803,-1.7061464125875294,0
0.27114318431319073,-0.5487266261259292,1.4808816161634615,-1.2497990229979445,-2.752359001716446,0.2006466071793257,0.03795043629044597,0.296367555906451,-1.1213263937570297,-0.5558045157302556,-1.8996257320359575,1.2438529325863146,0.600806536987681,0.13554459215862996,1.2251323481678744,-0.10302320139721578,1.372528686937446,0.6563899976302301,0.8724573721678621,-0.5385501475384613,0
-0.004798209677521575,2.516185624409241,1.2497279637333218,0.9416895124637858,-0.5649437146347855,0.5469780532905809,0.4800595800866833,0.7994552267010488,0.273284034860815,0.7684987329521218,2.5797084359529405,-0.8860424543316735,1.8644245241263884,-1.3654620221921803,-0.13524289563203143,-0.8432606042937426,-0.6798766126747054,0.0872302113764076,0.7370856704421498,1.4158320802999338,1
-1.8421231823203281,2.8138868758128233,-1.2529629301022716,2.2624895063470936,4.212939580460647,-1.4297346685560368,0.799499253504148,-2.6592435316235665,-1.300388413115908,0.28169873422388036,1.3445931647305904,1.4105680050051588,1.658331061925897,-0.6404934347691842,0.27654366689266663,1.2144791339073469,-3.5818493204805995,-1.713469026231681,-1.161763485751858,-0.5069919084535164,0
1.115343612775314,1.8870075056165558,2.900663888565889,-0.8982159638611025,-3.9935318431076587,0.010159789878763996,-1.4919361464713747,2.1986990305574396,-0.019776979879231105,1.5830688070721368,2.045906452175642,0.8126894256439955,3.1683421080345977,0.49444341408361847,0.030478850265664822,0.5779105137915099,0.708352963469046,0.4427953684447447,1.0113536808948036,2.6079660272685903,1
0.5147376032788965,-1.0626837050249698,-0.697467714591427,3.043059743567566,0.6827148509827726,-0.05619073623604735,-1.0328692285870538,-0.5357348999854726,-0.1260772855774125,-3.862370700945413,0.9140814795741737,-0.6261900322215666,-3.3770911458314807,-0.8584499403746859,0.9550963794414762,0.015378981372105674,1.4927692099119532,3.4982972714692044,-3.0411109662537186,0.873172404911235,1
-1.471652390102078,1.2928255650441802,-0.6874837376347369,1.6443619251466441,2.4009716528301794,0.5046236681639774,-0.6829923303511227,-1.8344782112758842,-0.9124803929894016,-1.1753355807815806,-0.34006900989823474,1.0896648650164613,-0.2359372080374596,0.059142122272422416,-2.249095728055939,1.5339781208495669,-1.3543431419840952,-0.2658741703044663,0.2937347442027791,-1.718481289916218,0
-1.267359461512047,1.5511745313907073,-3.0955125702228883,3.463617846753043,6.298598025045228,1.5113619583270028,0.6802653792954804,-0.9136765906835181,2.474588062781601,-0.10639792415205887,3.496082969213123,1.298811324847052,-2.375400562053991,1.1578148420240095,-1.3279180716872732,-0.9809174429602977,-2.543340512637822,-0.7717796595228396,-0.32683372162872293,-0.44588068809054926,1
0.030485040341053666,3.1536330589415824,2.341490504120981,0.16406093260880938,-2.009913443649204,0.9690590389634697,-0.9763752712833716,1.327328489013854,0.018826414754864906,1.3960195067075614,2.378384495376132,-0.573437821542238,3.1088606939569527,-0.8924558393569035,0.12150501140171552,0.35348290594866677,-0.4764463401101552,-0.17193634156752513,1.967801692655755,1.392694569179296,1
0.4117087100136115,-1.9300958770275523,-0.7291740565542826,0.9722307799378151,0.10607649905684306,3.436782354668173,-0.1888966877844753,1.2005640296497313,2.1561075420743467,-2.4401555865470335,-0.26637585393736357,0.5754686674944302,-4.489490286962427,0.5530732764404795,0.3920845297008694,-0.2526856880009639,2.531469780077596,2.3609835739902443,1.3186924995649512,-1.276096139658422,0
-1.618514946082931,1.144262538287864,-4.2557573796727795,3.8053987826452307,8.027117731291145,1.80677184361901,-1.6988491998036455,-1.3368648792849218,3.074832116893615,-0.1396278088320011,3.440535901886762,-2.094120627663777,-3.4381896803196286,1.4571957599562464,0.33872050286963534,0.5890569474058676,-3.0163561475245775,-1.2186213757716946,-0.3719135430689362,-1.1351893748942241,1
0.12778574003091267,-5.35063484612606,-2.15365927387376,-2.12116037447828,0.3745662102817255,0.48405548934283266,0.6365963258218292,-0.8410268894631099,0.14355755050297936,-1.897077485096639,-5.457737989734071,0.20672404724499435,-4.570684371062855,0.058351004285477494,0.38153856258933105,0.7589386001219477,2.3324682569580917,0.3527242211685943,-0.07257594323975058,-3.439224306868858,0
-0.8452887555007743,2.425478885730411,-1.3046396314570832,3.161511866302201,3.816767341053646,2.0160573127198766,0.9564403483476219,0.037800479501401765,2.0792883231361383,-0.12227854205959018,3.88560234563047,1.8613155972363946,-1.1180050221009776,-0.6247895469340525,1.6309291812629403,1.8866146460894102,-1.6949273057502041,0.01256687657315798,0.5522149789688496,0.3008253505914339,1
0.5836465415459768,-1.4995900752763676,0.6583234667743676,3.85996035729294,-1.5228481251101382,0.2509829316748517,0.44965590662585037,-1.0998696509204013,-1.9738632593824117,-6.936819040403282,-0.7420086420882825,0.6971028559082724,-4.203391494149057,-0.7670545065706765,0.5845032161193091,1.182453826605304,3.338575769742893,6.068759534706852,-3.5346902893721603,0.28697269860798347,1
0.6902845528612304,-2.3329601615037885,0.2851101187326355,-2.4829715658374876,-2.0913355387272454,-2.5561458433029696,0.6397873317955373,-0.45232226608248105,-1.6534830059905294,0.3778913978115066,-3.02353631948517,1.0458967154958694,0.7473506499727877,-0.7252689779610714,-0.8427425900149415,-1.4480563720406896,0.8225893308832244,-0.44317812939747525,-1.48307056028199,0.02023680829501351,1
-0.3508780141640679,0.6308877041514137,1.5088126761130871,1.3807138522708586,-1.7004877165792096,0.8977005304623545,0.21631688156850074,-0.6726245439404465,-1.781971967026493,-2.982126242203085,-1.0121555101819466,0.538061720181809,-0.40199856703671066,1.0536123992436601,2.0179079638332387,-0.04168080238989361,1.3044438828787126,2.3748674200898514,0.17932215760353487,-0.7908873849886526,1
-0.2605759020732657,3.226456429500808,1.3523220974282029,1.6622374755179945,-0.20262107926675293,1.4205366257227803,-0.21037015856104574,0.8734792584176272,0.5553576565320103,0.4322449661804297,3.2139169442257804,-0.8537365346849118,1.6645459911400562,-0.5947762545556623,0.5568208407749982,0.35920940045784094,-0.7740927820192391,0.3682055572453301,1.3277625715637054,1.2271173132522302,1
-0.5754171527009557,-4.527750074535537,-1.3015274492847364,-2.6075265284473406,-0.3052821823848174,-0.1525923120829447,1.4740560524880801,-1.9101506222169369,-1.6927618609312236,-1.9582338340832792,-6.944596782237312,2.68753436569696,-2.8529552347861844,-0.35201307485347394,-0.6879338668371778,-1.8100324032725792,1.7686438165932783,-0.22455291525503046,0.40580824775327196,-4.374134274369533,0
-0.4009222165312946,-1.9079997390031571,-2.874462529767738,3.3354726546124756,3.9438066898945143,0.41358138835342734,2.1038060921274098,-1.695859577160943,0.5912581176012557,-3.8860579078701845,0.03579341650976986,-0.3966621598219177,-5.151216926049573,-0.2730197607260194,-0.37059052307245194,0.48252404882859146,0.46459805588432723,2.3115841529621526,-2.844851312000869,-1.0137737755379015,1
-0.022139879346603896,-1.7637887840883182,1.7553359990708348,-3.4390297788954225,-3.8913445608414703,-0.07926249883420258,1.0501105961089143,-0.21484462523632275,-2.1907401769791726,-0.08924157479342941,-5.04128795057269,-0.29626744350888173,1.1700470915817345,-0.8639512214208059,0.7792340343136079,-1.6063770056091804,1.7402054149990769,-0.40560925311820784,2.006629851253259,-2.3032184305935566,0
-0.9426235620508957,0.31620662190946675,1.0294181715230746,0.20092111233200738,-1.039433619175526,1.8514127301382743,0.4092583875972426,-0.799135487455914,-1.363084427503805,-2.0204680526829537,-2.34033295904043,0.005492550243393307,-0.43826757115013165,-1.0981454780308466,-0.10212844003499932,-0.47570526373119687,0.9204812047198453,0.9358860634931054,2.048849012493413,-2.497081607347008,1
-1.4988020100805275,3.4204923548087804,1.2902540637753688,0.8415290090300952,0.35637129099593057,1.8150501703807727,1.552561815489642,-0.5112057932063969,-0.7048267707942768,0.41527613295708454,0.6977653905436265,-1.278022583436376,2.287173824099538,-1.5527270678160376,-0.8851634989998477,-1.6437407155880577,-1.4796160936493177,-0.8984181849193089,2.933781521683425,-1.31169601529109,0
0.3484694806143672,-0.8568298603684309,0.3471442219924897,0.04508255104142256,-1.0731831815131747,1.1601224260667455,0.2144508339716411,0.580572447551015,0.32534973439902437,-1.1882890802907717,-0.5780139633687488,0.4283129624734963,-1.379786930814477,0.7343046755614968,0.9024692225017834,0.8991357136874919,1.4678849184512583,1.2850485137245498,0.5170253443831954,-0.38183896671678974,0
-0.7914832148183173,-3.5057240079540724,-3.9702072054825486,0.8442297228953489,4.702273266517607,-0.8076967838374979,-0.6839595017990969,-2.529721560505314,0.19491710307898313,-2.115435830786495,-2.6916545374026866,1.1453891885473528,-4.620993253197915,-0.5356133384254117,-0.8943499126754028,-0.5315569372430567,-0.34597228114147094,-0.16324944929687568,-2.454919119516389,-2.590734772160575,1
-0.7352757135606829,-0.1735890924423469,-3.9921961616540904,1.3714347990143627,6.389194203971774,1.351172704156593,-1.4461280325601622,-0.04891842053586567,3.8148838796288507,1.8189573722703647,2.7226237835971516,-0.510436052426967,-2.769709732392118,0.09499375135630458,-0.7683649473140721,1.1619338134560961,-2.3880730119608833,-2.263873981162323,0.22350379439054202,-0.5985890614814631,1
-0.2954402797046631,-0.7867987922608105,-0.1313165667959223,0.9973673827206514,0.025948598978902095,2.7407879305389704,-0.7820176369076074,0.14454869581874094,0.6183291959157363,-2.4275428667330856,-0.956786965550535,1.8195730466986555,-2.851322711846277,2.222695629135075,0.23947746170589657,-0.8281939812657637,1.641300446645555,1.792947158102356,1.461618349,-1.820969972992069,0
-0.6667229676065458,-1.315033024800184,0.629620775175186,-4.535585595459002,-1.8403624186709537,-1.6480491982926095,0.19152096386596482,-1.0993244413092162,-2.273463223305729,2.419798449007529,-5.182605900011769,-1.1631894610536389,2.9116908650352715,0.24123813765534804,0.20367208489309827,-0.7358039150428299,-0.5551671504596769,-3.279923681942317,1.8915306438340982,-2.588463816998557,0
0.6562135746879196,4.075745491257273,4.908276891911826,-0.5815338781879127,-5.766110138772066,0.4449508021393594,0.8846067898626929,2.0932078116963835,-1.4564663497164227,1.3194750181371373,2.219716975063806,0.09674989495911643,5.417807951893222,-0.9191801387207167,-0.6040122749251271,-0.10954929146920354,0.5527649748506205,0.7939972873208291,2.2490652764581736,2.5941510851248815,1
-0.1985927824101355,-0.9836542723488596,0.9687843862958739,-0.03580136099892639,-1.88240845274934,1.1809243972243892,-1.113054427063712,-0.4580333519200988,-1.3332155161513268,-2.578130135917836,-2.637628729975064,0.8858031376017194,-1.2767542133765017,1.2218005525188131,2.1052024012080106,0.2300095237628365,1.9077121342905428,1.8103483999703054,0.8260758883630877,-1.7767564920075827,0
0.22879722005151534,1.7592198758724555,0.3601712767960182,0.14183471214133714,0.23627229278927314,1.5057086836697005,1.3904997812407467,1.7423807078888662,2.0833488785159266,2.0529738721210267,2.9643412495380437,-0.36883022959254025,0.9774274111483437,-1.111413012134435,-0.19211105272144002,0.4017712825585737,-0.6632571266703426,-0.8234153176167586,1.7631991405443659,1.2084209720380537,1
-1.4192831624379658,1.6116763425813754,-0.14810444083452387,2.3324477684013365,1.7883614941558965,2.3100141317744596,-1.8024089074942171,-1.12832836733814,-0.28499769907191497,-2.1314862307769786,0.14216795393934376,-0.9923132660360943,-1.1638640909773288,-0.6465295211924377,0.053988418445792954,0.5077576703115002,-0.412960906863425,0.8792300795304607,1.4557607840204834,-1.9964840504897543,0
0.15866307103756,-1.4390352536837652,-3.399453901762644,0.4580688679720727,4.445811887726491,-0.4326379618447367,-0.4548203158884532,0.08412974561605456,2.835172197770504,1.5529209076073844,1.8041464657918316,-0.22898286149024658,-2.3912289900438912,-0.8024927332116473,0.23696141571204274,0.09004283765328626,-1.4244932179452199,-1.5751420903422388,-1.4774632683714506,0.49188094544802974,1
0.06916272025931343,-0.343861425889888,3.7846318565148778,-1.6986708470807081,-6.117224700113591,-0.4830765881704728,-1.3687045435596683,-0.6766054795116837,-4.314837809199195,-2.5918232686757157,-4.643140031341871,1.2745918752935148,2.0427085774414184,1.5479997539240187,1.0751759356684585,0.8100623040526913,2.6361462342457336,2.12730374021521,0.8876303707835429,-1.3527969514156761,1
-0.5823526517146413,2.295932057304477,-0.7899894237525499,2.0317310484591866,2.751802255142819,1.726461908729625,0.9002286589152358,0.4952918996977278,1.9994960865582054,0.8184484549264933,3.493813606580653,1.8113750286649815,-0.1875047932156503,-0.622378194990803,0.32865216037320905,0.6235488569016372,-1.5651151841354023,-0.5408138148822863,1.0219869707188085,0.5134721822585541,1
-0.14380808730376485,-0.4042891441895472,1.5822566733515944,-2.5185373239086113,-2.8165033651173235,-0.9293960546198315,-0.2655468380184237,-0.420796351513399,-2.1330389829787513,0.6240519322366245,-3.175978005552683,0.6563608698285485,2.2432009275155878,0.48342548811460334,-0.427755687046752,0.8338073391593647,0.45707062439833657,-0.8748744880062039,1.1080414874571258,-1.1191877986646064,0
